Aachen
Aalborg
Aba
Abadan
Abaetetuba
Abakan
Abbotabad
Abbotsford
Abeokuta
Aberdeen
Abidjan
Abiko
Abilene
Abohar
Abu Dhabi
Abuja
Acapulco
Acarigua
Accra
Acheng
Achinsk
Adana
Adapazari
Addis Ababa
Adelaide
Aden
Adhamiyah
Ado-Ekiti
Adoni
Adiyaman
Afyon
Agadir
Agartala
Ageo
Agra
Aguascalientes
Ahmedabad
Ahmednagar
Ahome
Ahuachapán
Ahvaz
Ain Beida
Aix-en-Provence
Aizawl
Aizuwakamatsu
Ajmer
Akashi
Akesu
Akishima
Akita
Akola
Akron
Aksaray
Aktau
Aktobe
Al 'Arish
Al Ain
Al Minya
Al Qadarif
Al-Fashir
Al-Hasakah
Al-Ubayyid
Alagoinhas
Alajuela
Alanya
Albacete
Albuquerque
Albury-Wodonga
Alcalá de Henares
Alchevsk
Alcorcón
Aleppo
Aletay
Alexandra
Alexandria
Alexandria
Algeciras
Algiers
Alicante
Aligarh
Alipurduar
Allahabad
Allappuzha
Allentown
Almada
Almaty
Almere
Almería
Almetyevsk
Alor Setar
Alvorada
Alwar
Amadora
Amagasaki
Amarah
Amarillo
Ambala
Ambato
Ambon
Americana
Amersfoort
Amiens
Amman
Amol
Amravati
Amritsar
Amroha
Amsterdam
Anaheim
Anand
Ananindeua
Anchorage
Anda
Andijan
Andimeshk
Andong
Angarsk
Angeles City
Angers
Angren
Anjo
Ankang
Ankara
Anlu
Ann Arbor
Annaba
Anqing
Ansan
Anshan
Anshun
Antakya
Antalya
Antananarivo
Antipolo City
Antofagasta
Antwerp
Anyang
Anyang
Anápolis
Aomori
Aparecida de Goiânia
Apeldoorn
Apopa
Apucarana
Ar Raqqah
Aracaju
Arad
Araguaína
Arak
Arapiraca
Araraquara
Araras
Araure
Arayat
Araçatuba
Arcot
Ardabil
Arecibo
Arequipa
Argenteuil
Arica
Arkhangelsk
Arlington
Texas
Arlington
Virginia
Armavir
Armenia
Arnhem
Arrah
Arsenal
Arusha
Arvada
Arzamas
Asahikawa
Asaka
Asansol
Ashdod
Ashikaga
Asmara
Astana
Astrakhan
Asunción
Aswan
Asyut
Athens
Athens
Atibaia
Atlanta
Atsugi
Atushi
Atyrau
Auckland
Augsburg
Augusta
Aurangabad
Aurora
Colorado
Illinois
Austin
Avellaneda
Avignon
Ayacucho
Aydin
Asgabat
Århus
Bab Ezzouar
Babol
Babruysk
Bacau
Bacolod
Bacoor
Badajoz
Badalona
Bafoussam
Bagé
Baghdad
Bago City
Bago
Baguio
Baharampur
Bahawalnagar
Bahawalpur
Bahía Blanca
Bahir Dar
Bahraich
Baia Mare
Baicheng
Baidoa
Baise
Baishan
Baiyin
Bakersfield
Baku
Balakovo
Balashikha
Baleshwar
Balikesir
Balikpapan
Baliuag
Bally
Bal?i
Baltimore
Balurghat
Bamako
Bamenda
Banda Aceh
Bandar Abbas
Bandirma
Bandung
Bangalore
Bangkok
Bangui
Banha
Bani Suwayf
Banja Luka
Banjarmasin
Banjul
Bankura
Baoding
Baoji
Baoshan
Baotou
Barakaldo
Baraki
Baranagar
Baranovichi
Barbacena
Barcelona
Barcelona
Bardhaman
Bareilly
Bari
Barika
Barinas
Barisal
Barnaul
Barquisimeto
Barra Mansa
Barrackpur
Barrancabermeja
Barranquilla
Barreiras
Barretos
Barrie
Barueri
Baruta
Barysaw
Basel
Basirhat
Basra
Bat Yam
Batala
Batam
Batangas City
Bataysk
Bath
Bathinda
Batman
Batna
Baton Rouge
Battambang
Batumi
Bauru
Bayambang
Bayamo
Bayamón
Bayannur
Bayawan
Baybay
Bazhou
Beau-Bassin
Beaumont
Beauvais
Beawar
Béchar
Beed
Beersheba
Bei'an
Beihai
Beijing
Beipiao
Beirut
Béjaïa
Belém
Belfast
Belford Roxo
Belgaum
Belgorod
Belgrade
Bellary
Bellevue
Bello
Belo Horizonte
Bengbu
Benghazi
Benguela
Beni Mellal
Benito Juárez
Benoni
Benxi
Beppu
Berbera
Berdyansk
Berezniki
Bergamo
Bergen
Bergisch Gladbach
Berhampur
Berkeley
Berlin
Bern
Besançon
Betim
Bettiah
Bhadravati
Bhagalpur
Bhalwal
Bharatpur
Bharatpur
Bharuch
Bhatpara
Bhavnagar
Bhilai
Bhilwara
Bhimavaram
Bhind
Bhiwandi
Bhiwani
Bhopal
Bhubaneswar
Bhuj
Bhusawal
Bialystok
Bidar
Bielefeld
Bielsko-Biala
Bihar Sharif
Bijapur
Bikaner
Bila Tserkva
Bilaspur
Bilbao
Billings
Biñan
Binangonan
Binzhou
Biratnagar
Birjand
Birmingham
Birmingham
Bishkek
Bislig
Biskra
Bissau
Biysk
Bizerte
Blackburn
Blackpool
Blagoveshchensk
Blantyre
Blida
Bloemfontein
Blumenau
Bnei Brak
Boa Vista
Bobo-Dioulasso
Bocaue
Bochum
Bogor
Bogra
Boise
Bojnord
Bokaro Steel City
Boksburg
Bole
Bologna
Bolton
Boma
Bonn
Bordeaux
Bordj Bou Arréridj
Bordj El Kiffan
Borujerd
Bosaso
Boston
Boto?ani
Botou
Botshabelo
Bottrop
Botucatu
Bou Saâda
Bouaké
Boulder
Boulogne-Billancourt
Bourg-en-Bresse
Bournemouth
Bozhou
Bradford
Braga
Bragança Paulista
Braila
Brampton
Brasília
Bra?ov
Bratislava
Bratsk
Braunschweig
Brazzaville
Breda
Bremen
Bremerhaven
Brescia
Brest
Brest
Bridgeport
Brighton
Brisbane
Bristol
Brno
Brownsville
Bruges
Brussels
Bryansk
Bucaramanga
Bucharest
Bucheon
Budapest
Budaun
Buenaventura
Buenos Aires
Buffalo
Buga
Bujumbura
Bukan
Bukavu
Bukhara
Bulandshahr
Bulawayo
Buôn Ma Thu?t
Burao
Burbank
Burewala
Burgas
Burgos
Burhanpur
Burlington
Burnaby
Bursa
Bury
Busan
Bushehr
Butuan
Buzau
Bydgoszcz
Bytom
Cabanatuan City
Cabimas
Cabo de Santo Agostinho
Cabo Frio
Cabuyao City
Cachoeirinha
Cachoeiro de Itapemirim
Cadiz City
Cádiz
Caen
Cagayan de Oro
Cagliari
Caguas
Cainta
Cairns
Cairo
Cajamarca
Calabar
Calais
Calama
Calamba City
Calapan City
Calbayog
Calgary
Cali
Caloocan
Camaçari
Camagüey
Camaragibe
Cambridge
Cambridge
Cambridge
Campeche
C?m Ph?
Campina Grande
Campinas
Campo Grande
Campos dos Goytacazes
Canberra
Candelaria
Cangzhou
Canoas
C?n Tho
Cape Breton
Cape Coral
Cape Town
Cap-Haïtien
Caracas
Carapicuíba
Carcar
Cardiff
Cariacica
Carolina
Carlisle
Carrefour
Carrollton
Cartagena de Indias
Cartagena
Cartago
Cartago
Caruaru
Carúpano
Casablanca
Cascavel
Castanhal
Castellón de la Plana
Catanduva
Catania
Catia La Mar
Cauayan City
Caucaia
Cavite City
Caxias do Sul
Caxias
Cayenne
Cebu City
Cedar Rapids
Celaya
Chandannagar
Chandigarh
Chandler
Chandrapur
Changchun
Changde
Changji
Changsha
Changshi
Changwon
Changzhi
Changzhou
Chaohu
Chaoyang
Chaozhou
Chapecó
Chhapra
Charikar
Charleroi
Charlotte
Chatham-Kent
Chattanooga
Cheboksary
Chelyabinsk
Chemnitz
Chengde
Chengdu
Chengzhou
Chennai
Cheonan
Cheongju
Cherepovets
Cherkasy
Cherkessk
Chernihiv
Chernivtsi
Cherthala
Chía
Chiang Mai
Chiayi
Chiba
Chibi City
Chicago
Chiclayo
Chifeng
Chigasaki
Chihuahua
Chikmagalur
Chillán
Chilpancingo
Chimalhuacán
Chimbote
Chinandega
Chincha Alta
Chingola
Chiniot
Chirala
Chirchiq
Chishtian
Chisinau
Chita
Chitradurga
Chittagong
Chittoor
Chitungwiza
Chizhou
Chlef
Chofu
Choloma
Choluteca
Chonburi
Chongjin
Chongqing
Chorzów
Christchurch
Chula Vista
Chuncheon
Chungju
Chuxiong City
Chuzhou
Cienfuegos
Cincinnati
Cirebon
Ciudad Apodaca
Ciudad Bolívar
Ciudad Acuña
Ciudad del Este
Ciudad Delgado
Ciudad Guayana
Ciudad Juárez
Ciudad López Mateos
Ciudad Losada
Ciudad Madero
Ciudad Nezahualcóyotl
Ciudad Obregón
Ciudad Victoria
Cixi
Clarksville
Clearwater
Clermont-Ferrand
Cleveland
Cluj-Napoca
Coacalco
Coatzacoalcos
Cochabamba
Codó
Coimbatore
Coimbra
Colatina
Colchester
Colima
Cologne
Colombo
Colombo
Colón
Colorado Springs
Columbia
Columbus
Georgia
Ohio
Comilla
Comodoro Rivadavia
Conakry
Concepción
Concord
Concordia
Constanta
Constantine
Contagem
Copenhagen
Copiapó
Coquimbo
Coquitlam
Coral Springs
Corby
Córdoba
Córdoba
Córdoba
Cork
Çorlu
Coro
Corona
Corpus Christi
Corrientes
Çorum
Costa Mesa
Cotabato City
Cotia
Cotonou
Cottbus
Coventry
Craiova
Crato
Crawley
Criciúma
Cuautitlán
Cuautla
Cubatão
Cúcuta
Cuddalore
Cuenca
Cuernavaca
Cuiabá
Culiacán
Cumaná
Curicó
Curitiba
Cusco
Cuttack
Czestochowa
Da Nang 
Dabgram 
Dabrowa Górnicza 
Dadu 
Daegu 
Daejeon 
Dagupan 
Daito 
Dakar 
Da Lat 
Dali 
Dalian 
Dallas 
Daloa 
Daly City 
Damanhur 
Damascus 
Dammam 
Damoh 
Danao City 
Dandong 
Dangyang 
Danjiangkou 
Danyang 
Daqing 
Dar Es Salaam 
Daraga 
Darbhanga 
Darlington 
Darmstadt 
Darwin 
Daska 
Dasmariñas 
Dasoguz 
Datong 
Daugavpils 
Davangere 
Davao City 
Dayton 
Dazhou 
Debrecen 
Dehiwala-Mount Lavinia 
Dehradun 
Deir ez Zor 
Delhi 
Delmas 
Dengzhou 
Denizli 
Denpasar 
Denver 
Dera Ghazi Khan 
Derbent 
Derby 
Derince 
Des Moines 
Dessie 
Detroit 
Dewas 
Deyang 
Dezful 
Dezhou 
Dhaka 
Dhanbad 
Dhule 
Diadema 
Diaobingshan 
Dibrugarh 
Digos City 
Dijon 
Dili 
Dimitrovgrad 
Dinajpur 
Dindigul 
Dingzhou 
Dipolog City 
Dire Dawa 
Divinópolis 
Diwaniyah 
Diyarbakir 
Djelfa 
Djibouti 
Dniprodzerzhinsk 
Dnipropetrovsk 
Doboj 
Dobrich 
Dodoma 
Doha 
Donetsk 
Dongchuan 
Dongguan 
Dongtai 
Dongyang 
Dongying 
Dordrecht 
Dortmund 
Dos Quebradas 
Douala 
Dourados 
Downey 
Dresden 
Drobeta-Turnu Severin 
Dubai 
Dublin 
Dudley 
Duisburg 
Duitama 
Dujiangyan 
Dumaguete City 
Dundee 
Dunedin 
Dunhua 
Dunhuang 
Dunkerque 
Duque de Caxias 
Durango 
Durban 
Durg 
Durgapur 
Durham 
Durrës 
Dushanbe 
Duyun 
Düsseldorf 
Dzerzhinsk 
Eastbourne 
Ebetsu 
Ebina 
Ecatepec 
Ede 
Ede 
Edéa 
Edinburgh 
Edirne 
Edmonton 
Eilat 
Eindhoven 
Ekibastuz 
El Aaiún 
El Alto 
El Eulma 
El Jadida 
El Khroub 
El Monte 
El Oued 
El Paso 
El Progreso 
Elazig 
Elblag 
Elche 
Eldoret 
Elektrostal 
Elista 
Elizabeth 
Elk Grove 
El-Mahalla El-Kubra 
Eluru 
Emeishan 
Emmen 
Engels 
English Bazar 
Enschede 
Ensenada 
Enshi 
Enugu 
Envigado 
Erbil 
Erfurt 
Erie 
Erlangen 
Erode 
Erzincan 
Erzurum 
Escondido 
Esenler 
Esfahan 
Eskisehir 
Esmeraldas 
Espoo 
Essen 
Etawah 
Eugene 
Eujeongbu 
Evansville 
Exeter 
Ezhou 
Faisalabad 
Faizabad 
Faridabad 
Farrukhabad 
Fatehpur 
Fayetteville 
Fayyum 
Feira de Santana 
Fengcheng 
Fenghua 
Fergana 
Ferrara 
Ferraz de Vasconcelos 
Fes 
Firozabad 
Flint 
Florence 
Florencia 
Florianópolis 
Floridablanca 
Focsani 
Foggia 
Fontana 
Forlì 
Formosa 
Fort Collins 
Fort Lauderdale 
Fort Wayne 
Fort Worth 
Fortaleza 
Fort-de-France 
Foshan 
Foz do Iguaçu 
Franca 
Francisco Morato 
Francistown 
Franco da Rocha 
Frankfurt am Main 
Freetown 
Freiburg im Breisgau 
Fremont 
Fresno 
Fu'an 
Fuchu 
Fuenlabrada 
Fuji 
Fujieda 
Fujimi 
Fujin City 
Fujinomiya 
Fujisawa 
Fukuya 
Fukui 
Fukuoka 
Fukushima 
Fukuyama 
Fuling 
Fullerton 
Funabashi 
Funchal 
Fushun 
Fuxin 
Fuyang 
Fuzhou
Fujian 
Jiangxi 
Fürth 
Gabès 
Gaborone 
Gadag-Betgeri 
Gala?i 
Gandhidham 
Gandhinagar 
Ganganagar 
Gangneung 
G?nc? 
Ganzhou 
Gaocheng 
Garanhuns 
Garden Grove 
Garland 
Garoua 
Gary 
Gateshead 
Gatineau 
Gaya 
Gaza City 
Gaziantep 
Gdansk 
Gdynia 
Gebze 
Geelong 
Gejiu 
Geleen-Sittard 
Gelsenkirchen 
General Santos City 
Geneva 
Genova 
George Town 
Georgetown 
Gera 
Germiston 
Getafe 
Ghardaïa 
Ghaziabad 
Ghazni 
Ghent 
Gifu 
Gijón 
Gilbert 
Gingoog City 
Girardot 
Giresun 
Giza 
Glasgow 
Glazov 
Arizona 
Glendale
California 
Gliwice 
Gloucester 
Godhra 
Godoy Cruz 
Goiânia 
Gojra 
Gold Coast 
Goma 
Gómez Palacio 
Gonbad-e Qabus 
Gondar 
Gondiya 
Gongzhuling 
Gorakhpur 
Gorgan 
Gorzów Wielkopolski 
Gothenburg 
Governador Valadares 
Göttingen 
Granada 
Granada 
Grand Prairie 
Grand Rapids 
Gravataí 
Graz 
Green Bay 
Greensboro 
Grenoble 
Groningen 
Grozny 
Grudziadz 
Guadalajara 
Guadalupe 
Guanare 
Guanghan 
Guangshui 
Guangyuan 
Guangzhou 
Guantánamo 
Guarapuava 
Guaratinguetá 
Guarenas 
Guarujá 
Guarulhos 
Guatemala City 
Guayaquil 
Guaymas 
Guaynabo 
Gudivada 
Guédiawaye 
Guelma 
Guelph 
Guigang 
Guilin 
Guiyang 
Gujiao 
Gujranwala 
Gujrat City 
Gulbarga 
Gumi 
Guna 
Guntakul 
Gunsan 
Guntur 
Gurgaon 
Guri 
Guruvayur 
Guwahati 
Gwalior 
Gwangju 
Gweru 
Gyeongju 
Gyor 
Gyumri 
Ha Long 
Haarlem 
Habikino 
Habra 
Hachinohe 
Hachioji 
Hadano 
Haeju 
Hafizabad 
Hagen 
Haicheng 
Haifa 
Haikou 
Hailun 
Haining City 
Haiphong 
Hakodate 
Haldia 
Haldwani-cum-Kathgodam 
Halifax 
Halle 
Hama 
Hamadan 
Hamamatsu 
Hamburg 
Hamhung 
Hami City 
Hamilton 
Hamilton 
Hamm 
Hanam 
Hancheng 
Handa 
Handan 
Hangzhou 
Hanoi 
Hanover 
Hanzhong 
Haora 
Hapur 
Harare 
Harbin 
Hargeisa 
Haridwar 
Hartford 
Hassan 
Hathras 
Hat Yai 
Havana 
Hayward 
Hebi 
Hebron 
Hechi 
Heerlen-Kerkrade 
Hefei 
Hegang 
Heidelberg 
Heihe 
Heilbronn 
Helsingborg 
Helsinki 
Henderson 
Hengshui 
Hengyang 
Heraklion 
Herat 
Hermosillo 
Herne 
Heshan 
Hetian 
Heyuan 
Heze 
Hialeah 
Higashihiroshima 
Higashikurume 
Higashimurayama 
Higashiosaka 
Hikone 
Hildesheim 
Hilla 
Himamaylan City 
Himeji 
Hindupur 
Hino 
Hirataka 
Hiratsuka 
Hirosaki 
Hiroshima 
Hisar 
Hitachi 
Hitachinaka 
Ho Chi Minh City 
Hobart 
Hofu 
Holguín 
Holon 
Homs 
Homyel 
Hong Kong 
Honghu 
Honolulu 
Horlivka 
Hortolândia 
Hoshiarpur 
Hospet 
Hospitalet de Llobregat 
Houghly-Chinsura 
Houma 
Houston 
Hoya 
Hrodna 
Hsinchu 
Huadian 
Huaian 
Huaibei 
Huaihua 
Huainan 
Huaiyin 
Huambo 
Huancayo 
Huanghua 
Huangshan 
Huangshi 
Huangyan 
Huánuco 
Huaraz 
Huaying 
Hubli-Dharwad 
Hudaida 
Huddersfield 
Hu? 
Huelva 
Huhehaote 
Huixian 
Huizhou 
Huludao 
Hulunbuir 
Hunchung 
Huntington Beach 
Huntsville 
Huozhou 
Huzhou 
Hyderabad 
Hyderabad 
Hyesan 
Iasi 
Ibadan 
Ibagué 
Ibaraki 
Ibarra 
Ibirité 
Ica 
Ichalakaranji 
Ichihara 
Ichikawa 
Ichinomiya 
Ife 
Iida 
Ikeda 
Ikere-Ekiti 
Ikoma 
Iksan 
Ila 
Ilagan 
Ilam 
Ilesa 
Ilhéus 
Iligan 
Iloilo City 
Ilopango 
Ilorin 
Imabari 
Imbaba 
Imperatriz 
Imphal 
Inazawa 
Inchon 
Indaiatuba 
Independence 
Indianapolis 
Indore 
Inegöl 
Inglewood 
Ingolstadt 
Innsbruck 
Ipatinga 
Ipoh 
Ipswich 
Iquique 
Iquitos 
Irapuato 
Irbid 
Iriga 
Irkutsk 
Iruma 
Irvine 
Irving 
Ise 
Isesaki 
Ishinomaki 
Iskenderun 
Islam Shahr 
Islamabad 
Ismaïlia 
Isparta 
Istanbul 
Itaboraí 
Itabuna 
Itagüí 
Itaituba 
Itajaí 
Itami 
Itapecerica da Serra 
Itapetininga 
Itapevi 
Itaquaquecetuba 
Itu 
Ivano-Frankivsk 
Ivanovo 
Iwaki
Fukushima 
Iwakuni 
Iwatsuki 
Iwo 
Ixtapaluca 
Izhevsk 
Izmir 
Izmit 
Izumi 
Jabalpur 
Jaboatao dos Guarapes 
Jacareí 
Jackson 
Jacksonville 
Jacobabad 
Jaén 
Jaffna 
Jaipur 
Jakarta 
Jalalabad 
Jalandhar 
Jalgaon 
Jalpaiguri 
Jalna 
Jamalpur 
Jambi 
Jamnagar 
Jamshedpur 
Jaraguá do Sul 
Jaranwala 
Jastrzebie Zdrój 
Jaú 
Jaunpur 
Jayapura 
Jeddah 
Jena 
Jeongju 
Jeonju 
Jequié 
Jerez de la Frontera 
Jersey City 
Jerusalem 
Jessore 
Jhang 
Jhansi 
Jhelum 
Jiagedaqi 
Jiamusi 
Ji'an 
Ji'an 
Jiangmen 
Jiangshan 
Jiangyin 
Jiangyou 
Jiaohe 
Jiaojiang 
Jiaozhou City 
Jiaozuo 
Jiaxing 
Jiayuguan 
Jieshou 
Jijel 
Jimma 
Jimo 
Jinan 
Jinchang 
Jincheng 
Jingdezhen 
Jingmen 
Jingzhou 
Jinhua 
Jining 
Jinshi City 
Jinzhong 
Jinzhou 
Jishou 
Jiujiang 
Jiuquan 
Jiutai 
Jiutepec 
Jixi 
Jiyuan 
Jizzakh 
João Pessoa 
Jodhpur 
Joetsu 
Johannesburg 
Johor Bahru 
Joinville 
Joliet 
Jorhat 
Jönköping 
Jos 
Juazeiro do Norte 
Juazeiro 
Juba 
Juiz de Fora 
Juliaca 
Junagadh 
Jundiaí 
Jyväskylä 
Kabankalan
Kabul
Kabwe
Kadhimiya
Kadoma
Kaduna
Kaesong
Kafr Dawar
Kagoshima
Kahramanmaras
Kaifeng
Kaili
Kairouan
Kaiserslautern
Kaiyuan
Kaiyuan
Kakamigahara
Kakinada
Kakogawa
Kaliningrad
Kalisz
Kallithea
Kaluga
Kalyan
Kamagaya
Kamakura
Kamarhati
Kamensk-Uralsky
Kamianets-Podilskyi
Kamoke
Kampala
Kampong Cham
Kamptee
Kamyshin
Kananga
Kanazawa
Kanchipuram
Kanchrapara
Kandahar
Kandy
Kanggye
Kanhangad
Kannur
Kano
Kanpur
Kansas City
Kansk
Kaohsiung
Kaolack
Karachi
Karaganda
Karaikkudi
Karaj
Karaman
Karamay
Karbala
Karimnagar
Kariya
Karlsruhe
Karnal
Karur
Karnataka
Kashan
Kashgar
Kashihara
Kashiwa
Kassala
Kassel
kasuga
Kasugai
Kasukabe
Kasur
Kathlehong
Kathmandu
Katihar
Katowice
Kaunas
Kawachinagano
Kawagoe
Kawaguchi
Kawanishi
Kawasaki
Kayseri
Kazan
Kecskemét
Kediri
Keelung
Kelowna
Kemerovo
Kempton Park
Kenitra
Kerch
Kerman
Kermanshah
Khabarovsk
Khairpur
Khammam
Khandwa
Khanewal
Khanpur
Kharagpur
Kharkiv
Khartoum
Khartoum North
Khasavyurt
Khayelitsha
Khenchela
Kherson
Khimki
Khmelnytskyi
Khomeini Shahr
Khon Kaen
Khoramabad
Khoramshahr
Khouribga
Khoy
Khulna
Kirikkale
Kiziltepe
Kidapawan City
Kiel
Kielce
Kiev
Kigali
Kikwit
Kimberley
Kimhae
Kingston
Kingston
Kingston upon Hull
Kinshasa
Kirkuk
Kirovohrad
Kiryu
Kisangani
Kisarazu
Kiselyovsk
Kishiwada
Kislovodsk
Kismayo
Kisumu
Kitakyushu
Kitami
Kitchener
Kitwe
Klaipeda
Klang
Knoxville
Kobe
Koblenz
Kochi
Kochi
Kodaira
Kofu
Koganei
Kohat
Kokand
Kokshetau
Kokubunji
Kolar
Kolhapur
Kolkata
Kollam
Kolomna
Kolwezi
Komaki
Komatsu
Komsomolsk-on-Amur
Konya
Korba
Korhogo
Koriyama
Korla
Korolyov
Koronadal City
Koshigaya
Košice
Kostanay
Kosti
Kostroma
Koszalin
Kota Bharu
Kota Kinabalu
Kota
Kothagudem
Kottayam
Kovrov
Kozhikode
Kragujevac
Kraków
Kraljevo
Kramatorsk
Krasnodar
Krasnoyarsk
Krasnyi Luch
Krefeld
Kremenchuk
Krishnagar
Kruševac
Kryvyi Rih
Kuala Lumpur
Kuala Terengganu
Kuantan
Kuching
Kumagaya
Kumamoto
Kumasi
Kumbakonam
Kunduz
Kunming
Kunshan
Kuopio
Kurashiki
Kure
Kurgan
Kurnool
Kursk
Kurume
Kusatsu
Kushiro
Kut
Kutaisi
Kuwait City
Kuwana
Kütahya
Kuytun
Kwekwe
Kyoto
Kyzyl
Kyzylorda
La Ceiba
La Coruña
Las Palmas de Gran Canaria
Las Palmas
La Paz
La Plata
La Rioja
La Serena
La Victoria
Lafayette
Lages
Laghouat
Lagos
Lahore
Lahti
Laiwu
Laiyang
Laizhou
Lakewood
Lalitpur
Lancaster
Langfang
Lansing
Lanús
Lanxi
Lanzhou
Laoag City
Laohekou
Lapu-Lapu City
Laredo
Larissa
Larkana
Larnaca
Las Vegas
Latakia
Latina
Latur
Launceston
Lauro de Freitas
Lausanne
Laval
Le Havre
Le Mans
Leeds
Leganés
Legazpi City
Legnica
Leicester
Leiden
Leipzig
Leiyang
Leling
Lengshuijiang
Lengshuitan
Leninsk-Kuznetsky
Lens
León
Leshan
Leskovac
Leverkusen
Lexington
Lhasa
Lianyuan
Lianyungang
Liaocheng
Liaoyang
Liaoyuan
Libreville
Lichuan
Lida
Liège
Ligao City
Likasi
Liling
Lille
Lilongwe
Lima
Limassol
Limeira
Limerick
Limoges
Lincoln
Linfen
Linhai
Linhares
Linköping
Linqing
Linxia
Linyi
Linz
Lipa City
Lipetsk
Lisbon
Lishui
Little Rock
Liupanshui
Liuzhou
Liverpool
Livornia
Livorno
Ljubljana
Lleida
Lobito
Logroño
Loja
Lomas de Zamora
Lomé
London
London
Londrina
Long Beach
Longjing
Longkou
Longueuil
Longxuyen
Longyan
Los Angeles
Los Ángeles
LA
Los Mochis
Los Teques
Loudi
Louisville
Lowell
Lu'an
Luanda
Luanshya
Lubbock
Lübeck
Lublin
Lubumbashi
Lucena City
Lucerne
Lucknow
Ludhiana
Ludwigshafen am Rhein
Luhansk
Luján de Cuyo
Luohe
Luoyang
Lusaka
Luton
Lutsk
Luxembourg
Luxor
Luzhou
Luziânia
Lviv
Lyon
Lysychansk
Lyubertsy
Ma'anshan 
Maastricht 
Mabalacat 
Macaé 
Macapá 
Macau 
Maceió 
Machakos 
Machala 
Macheng 
Machida 
Machilipatnam 
Madison 
Madiun 
Madrid 
Madurai 
Maebashi 
Magadan 
Magangué 
Magdeburg 
Magé 
Magelang 
Magnitogorsk 
Mahabad 
Mahbubnagar 
Maicao 
Maidstone 
Maiduguri 
Mainz 
Makati 
Makhachkala 
Makiivka 
Malabo 
Málaga 
Malang 
Malappuram 
Mehsana 
Malasiqui
Pangasinan
Malatya
Malaybalay City
Malayer
Malegaon
Malita
Davao del Sur
Malmö
Malolos City
Manado
Managua
Manama
Manaus
Manavgat
Manchester
New Hampshire
Manchester
Mandalay
Mandaluyong City
Mandaue City
Mandya
Mangalore
Mangaung
Mangora
Manila
Manisa
Manizales
Mannheim
Manta
Manzhouli
Maoming
Maputo
Mar del Plata
Maraba
Maracaibo
Maracanau
Maracay
Maradi
Maraqeh
Marawi City
Mardan
Margilan
Maribor
Marilao
Bulacan
Marília
Maringá
Mariupol
Mariveles
Bataan
Markham
Marrakech
Marseille
Marvdasht
Masan
Masaya
Maseru
Mashhad
Masjed Soleyman
Matadi
Matamoros
Tamaulipas
Matanzas
Mataró
Mathura
Mati
Davao Oriental
Matsubara
Matsudo
Matsue
Matsumoto
Matsusaka
Matsuyama
Maturín
Mauá
Maunath Bhanjan
Mawlamyaing
Moulmein
Mayagüez
Maykop
Mazari Sharif
Mazatlán
Mazyr
Mbabane
Mbandaka
Mbeya
Mbour
Mbuji-Mayi
McAllen
Texas
Mecca
Medan
Medea
Medellín
Medina
Medinipur
Meerut
Meihekou
Meizhou
Mejicanos
Mekele
Meknes
Melbourne
Melitopol
Memphis
Tennessee
Mendoza
Merca
Mérida
Mérida
Mersin
Mesa
Arizona
Mesquite
Texas
Messad
Messina
Metepec
Metz
Mexicali
Mexico City
Mexico
Pampanga
Meycauayan City
Mezhdurechensk
Miami
Florida
Miami Gardens
Mianyang
Miass
Michurinsk
Middlesbrough
Midsayap
Cotabato
Milagro
Milan
Milton Keynes
Miluo
Milwaukee
Wisconsin
Minatitlán
Minglanilla
Cebu
Minneapolis
Minnesota
Minoh
Minsk
Mirpur Khas
Mirzapur-cum-Vindhyachal
Misato
Mishan
Mishima
Miskolc
Mississauga
Misrata
Mitaka
Mito
Miyakonojo
Miyazaki
Mobile
Modena
Modesto
Modinagar
Moers
Moga
Mogadishu
Mogilev 
Mahilyow
Mogpo
Mogi das Cruzes
Mogi Guaçu
Mombasa
Monclova
Moncton
Monrovia
Montería
Monterrey
Montes Claros
Montevideo
Montgomery
Montpellier
Montreal
Montreuil
Monywa
Monza
Moradabad
Moratuwa
Morelia
Morena
Moreno Valley
Moriguchi
Morioka
Morogoro
Morvi
Moscow
Mossoró
Mostaganem
Mostar
Móstoles
Mosul
Mönchengladbach
M'Sila
Mudanjiang
Mufulira
Mulhouse
Multan
Mumbai
Munger
Munich
Muntinlupa City
Murcia
Murfreesboro
Muridke
Murmansk
Murom
Muroran
Murwara
Musashino
Muscat
Mushin
Mutare
Muzaffargharh
Muzaffarnagar
Muzaffarpur
Mülheim an der Ruhr
Münster
Mwanza
Mykolaiv
Mymensingh
Mysore
Mytho
Mytishchi
Nabadwip
Naberezhnye Chelny
Nadiad
Naga City
Nagano
Nagaoka
Nagareyama
Nagasaki
Nagercoil
Nagoya
Nagpur
Naha
Naihati
Nairobi
Najaf
Najafabad
Nakhodka
Nakhon Pathom
Nakhon Ratchasima
Nakhon Sawan
Nakhon Si Thammarat
Nakuru
Nalchik
Namangan
Namdinh
Nampho
Nampula
Namur
Nanchang
Nanchong
Nancy
Nanded
Nandyal
Nangong
Nanjing
Nanning
Nanping
Nantes
Nantong
Nanyang
Naperville
Illinois
Napier-Hastings
Naples
Nara
Narashino
Narayanganj
Nasariya
Nashik
Nashville-Davidson
Tennessee
Nassau
Nasugbu
Batangas
Natal
Naucalpan
Navapolatsk
Navoi
Navotas City
Navsari
Nawabganj
Nawabshah
Nazareth
Nazilli
Nazran
N'djamena
Ndola
Neftekamsk
Nefteyugansk
Neijiang
Neiva
Nellore
Netanya
Neuquén
Neuss
Nevinnomyssk
New Bombay
New Delhi
New Haven
Connecticut
NOIDA
New Orleans
Louisiana
New York
NY
Newark
New Jersey
Newcastle upon Tyne
Newcastle
Newport
Neyagawa
Neyshabur
Neyveli
Nhatrang
Niamey
Nice
Nicosia
Niigata
Niihama
Niiza
Nijmegen
Nikopol
Nilópolis
Nîmes
Ningbo
Ningde
Niš
Nishinomiya
Nishio
Niterói
Nizamabad
Nizhenvartovsk
Nizhnekamsk
Nizhny Novgorod
Nizhny Tagil
Nobeoka
Noda
Nogales
Noginsk
Nonthaburi
Norilsk
Norman
Oklahoma
Norrköping
North Las Vegas
Las Vegas
Nevada
Northampton
Norwalk
Norwich
Norzagaray
Bulacan
Nossa Senhora do Socorro
Nottingham
Nouakchott
Nova Friburgo
Nova Iguaçu
Novara
Novi Sad
Nôvo Hamburgo
Novocheboksarsk
Novocherkassk
Novokuybyshevsk
Novokuznetsk
Novomoskovsk
Novorossiysk
Novoshakhtinsk
Novosibirsk
Novotroitsk
Novy Urengoy
Noyabrsk
Nueva San Salvador
Nuevo Laredo
Nuku?alofa
Nukus
Numazu
Nuremberg
Nyala, Sudan
Nyíregyháza
Oakland
California
Oakville
Oaxaca de Juárez
Oberhausen
Obihiro
Obninsk
Oceanside
Odawara
Odense
Odessa
Odintsovo
Offenbach am Main
Ogaki
Ogbomosho
Oita
Okara
Okayama
Okazaki
Okinawa
Oklahoma City
Oklahoma
Oktyabrsky
Oldenburg
Oldham
Olinda
Olmaliq
Olomouc
Olongapo City
Olsztyn
Omaha, Nebraska
Omdurman
Omsk
Omuta
Ondal
Ongole
Onitsha
Ontario
California
Opole
Or Yehuda
Oradea
Oral
Oran
Orange
California
Ordos City
Ordu
Örebro
Orekhovo-Zuyevo
Orenburg
Orizaba
Orlando
Florida
Orléans
Ormoc City
Orsha
Orsk
Orumiyeh
Oruro
Oryol
Osaka
Osasco
Osh
Oshawa
Oshogbo
Osijek
Oslo
Osmaniye
Osnabrück
Osorno
Ostrava
Ota
Otaru
Otsu
Ottawa
Ouagadougou
Ouargla
Oujda
Oulu
Ourense
Overland Park
Kansas
Oviedo
Oxford
Oyama
Oyo
Ozamiz City
Paarl
Pabna
Pachuca
Padang
Paderborn
Padua
Pagadian City
Pago Pago
Paita
Pakalongan
Pakan Baru
Pakpattan
Palakkad
Palangkaraya
Palembang
Palermo
Pali
Palma de Mallorca
Palmas
Palmdale
California
Palmira
Palu
Pamplona
Panabo City
Panama City
Pancevo
Panevežys
Panihati
Panipat
Panjin
Panzhihua
Papeete
Paradise
Nevada
Parakou
Paramaribo
Paraná
Paranaguá
Parang
Maguindanao
Parbhani
Pardubice
Paris
Parla
Pasadena
Patos de Minas
Patna
Patras
Patratu
Paulista
Pavlodar
Pavlohrad
Pécs
Pelotas
Pematang Siantar
Pembroke Pines
Florida
Penza
Peoria
Pereira
Peristeri
Perm
Perpignan
Perth
Perugia
Pervouralsk
Pescara
Peshawar
Petah Tikva
Petaling Jaya
Petare
Peterborough
Petrolina
Petropavl
Petropavlovsk-Kamchatsky
Petrópolis
Petrozavodsk
Pforzheim
Philadelphia
Pennsylvania
Phuket
Phnom Penh
Phoenix
Arizona
Phusro
Phyongsong
Piatra Neamt
Pietermaritzburg
Pikine
Pilibhit
Pinar del Río
Pindamonhangaba
Pingdingshan
Pingdu
Pingliang
Pingxiang
Pinhais
Pinsk
Piracicaba
Piraeus
Pir Mahal
Pitesti
Pittsburgh
Pennsylvania
Piura
Plano
Texas
Pleven
Plock
Ploiesti
Plovdiv
Plymouth
Plzen
Poços de Caldas
Podgorica
Podolsk
Pohang
Pointe-Noire
Pollachi
Polomolok
South Cotabato
Poltava
Pomona
California
Ponce
Pondicherry
Ponta Grossa
Pontianak
Poole
Popayán
Porac
Pampanga
Porbandar
Port Elizabeth
Port Harcourt
Port Louis
Port Moresby
Port Said
Port Sudan
Port-au-Prince
Portland, Oregon
Porto Alegre
Porto Novo
Porto Velho
Porto
Portoviejo
Portsmouth
Posadas
Potosí
Potsdam
Pouso Alegre
Poza Rica de Hidalgo
Poznan
Prague
Praia Grande
Praia
Prato
Presidente Prudente
Preston
Pretoria
Prijedor
Priština
Probolinggo
Proddatur
Prokopyevsk
Providence
Rhode Island
Provo
Utah
Pskov
Pucallpa
Puebla de Zaragoza
Pueblo
Colorado
Puente Alto
Puerto Cabello
Puerto Montt
Puerto Princesa City
Puli Khumri
Pune
Puno
Punta Arenas
Punto Fijo
Puri
Purnia
Putian
Puyang
Pyatigorsk
Pyongyang
Qa'em Shahr
Qamishli
Qarchak
Qazvin
Qianjiang
Qidong
Qingdao
Qingtongxia
Qingyang
Qingyuan
Qingzhou
Qinhuangdao
Qinyang
Qinzhou
Qiqihaer
Qitaihe
Qom
Quanzhou
Quebec City
Queimados
Querétaro
Quetta
Quevedo
Quezon City
Qufu
Qui Nhon
Quilmes
Quilpué
Quito
Qujing
Quzhou
Rabat
Rach Gia
Radom
Rae Bareli
Rahim Yar Khan
Raichur
Raiganj
Raipur
Rajahmundry
Rajapalaiyam
Rajkot
Rajnandgaon
Rajshahi
Raleigh
North Carolina
Ramadi
Ramagundam
Ramat Gan
Râmnicu Vâlcea
Rampur
Ranaghat
Rancagua
Ranchi
Rancho Cucamonga
California
Rangpur
Raniganj
Rasht
Ratlam
Raurkela
Ravenna
Rawalpindi
Rayong
Reading
Recife
Recklinghausen
Regensburg
Reggio Calabria
Regina
Rehovot
Reims
Relizane
Remscheid
Rennes
Reno, Nevada
Renqiu
Resende
Resistencia
Reutlingen
Rewa
Reykjavík
Reynosa
Ribeirão das Neves
Ribeirão Pires
Ribeirão Preto
Richmond Hill
Richmond

Virginia
Riga
Rijeka
Rimini
Rio Branco
Rio Claro
Rio Cuarto
Rio de Janeiro
Rio Grande
Rio Verde
Riobamba
Rishon LeZion
Riverside
Rivne
Riyadh
Rizhao
Rochester
Minnesota
Rockford
Rodriguez Montalban
Rodriguez
Rizal
Rohtak
Rome
Rondonópolis
Rongcheng
Roodepoort
Rosario
Rostock
Rostov-on-Don
Rotherham
Rotterdam
Rouen
Rousse
Roxas City
Rubtsovsk
Ruda Slaska
Rudni
Ruian
Ruichang
Russiefa
Rustavi
Ruzhou
Ryazan
Rybinsk
Rybnik
Rzeszów
Saanich
Saarbrücken
Sabadell
Sabára
Sabzewar
Sacramento
Sadiqabad
Safi
Saga
Sagamihara
Sagar
Sagay City
Saguenay
Saharanpur
Sahiwal
Saida
Saidpur
Saint Petersburg
Saint-Denis
Saint-Étienne
Saint John
Saint Louis
Saint-Paul
Saitama
Sakai, Osaka
Sakata
Sakura, Chiba
Salamanca
Salamanca
Salavat
Salé
Salem, Oregon
Salem
Salerno
Salihorsk
Salinas, California
Salt Lake City, Utah
Salta
Saltillo
Salvador
Salzburg
Salzgitter
Samara
Samarinda
Samarkand
Sambalpur
Sambhal
Samsun
San Antonio
San Bernardino
San Bernardo
San Buenaventura
San Carlos City
Negros Occidental
Pangasinan
San Cristóbal
San Cristóbal de Las Casas
San Diego
San Fernando City
La Union
Pampanga
San Fernando del Valle de Catamarca
San Francisco
San José
San Jose City
Nueva Ecija
San Jose del Monte City
San Jose
Occidental Mindoro
San Juan
San Juan City
Metro Manila
San Lorenzo
San Luis Potosí
San Luis
San Martin
San Mateo, Rizal
San Miguel
San Miguel de Tucumán
San Miguel
Bulacan
San Miguelito
San Nicolás
San Nicolás de los Garzas
San Pablo City
San Pedro de Macoris
San Pedro Sula
San Pedro, Laguna
San Rafael
San Salvador de Jujuy
San Salvador
San Sebastián
Sana'a
Sanandaj
Sancti Spíritus
Sanda
Sandakan
Sangli
Sanliurfa
Sanmenxia
Sanming
Santa Ana
Santa Bárbara d'Oeste
Santa Clara
Santa Clarita
Santa Coloma de Gramanet
Santa Cruz de la Sierra
Santa Cruz de Tenerife
Santa Cruz do Sul
Santa Cruz
Laguna
Santa Fe de Bogotá
Santa Fe
Santa Luzia
Minas Gerais
Santa Maria
Bulacan
Santa Marta
Santa Rita
Santa Rosa
Santa Rosa City
Santander
Santarém
Santiago
Santiago City
Santiago de Cuba
Santiago de los Caballeros
Santiago del Estero
Santipur
Santo André
Santo Domingo de los Colorados
Santo Domingo
Santo Tomas
Batangas
Santos
Sanya
São Bernardo do Campo
São Caetano do Sul
São Carlos
São Gonçalo
São João de Meriti
São José de Ribamar
São José do Rio Preto
São José dos Campos
São José dos Pinhais
São José
São Leopoldo
São Luís
São Paulo
São Vicente
Sapporo
Sapucaia do Sul
Saqez
Saraburi
Sarajevo
Saransk
Sarapul
Saratov
Sar-e Pol
Sargodha
Sari
Sariaya
Quezon
Sariwon
Sasebo
Saskatoon
Sassari
Satna
Satu Mare
Savannah
Georgia
Sayama
Schwerin
Scottsdale
Seam Reab
Seattle
Sabha
Sekondi-Takoradi
Seleyang Baru
Semarang
Semipalatinsk
Sendai
Seongnam
Seoul
Serampore
Seremban
Sergiyev Posad
Serpukhov
Serra
Sertaozinho
Sete Lagoas
Setif
Seto
Sevastopol
Severodvinsk
Seversk
Seville
Sfax
Shah Alam
Shahe
Shahjahanpur
Qods
Shahrekord
Shahrud
Shakhty
Shanghai
Shangluo
Shangqiu
Shangrao
Shangzhi
Shantou
Shanwei
Shaoguan
Shaowu
Shaoxing
Shaoyang
Sharjah
Shchyolkovo
Sheberghan
Sheffield
Sheikhu Pura
Sheopur
Shenyang
Shenzhen
Sherbrooke
Shibin el-Kom
Shihezi
Shihung
Shijiazhuang
Shikarpur
Shillong
Shimizu
Shymkent
Shimla
Shimoga
Shimonoseki
Shinyanga
Shiraz
Shishi City
Shishou
Shivpuri
Shiyan
Shizuishan
Shizuoka
Shkodër
Shreveport
Louisiana
Shuangcheng
Shuangyashan
Shubra al Khaymah
Shuozhou
Sialkote
Šiauliai
Sibiu
Sibu
Sidi-bel-Abbès
Siegen
Sieverodonetsk
Siirt
Sikar
Silang
Cavite
Silay City
Silchar
Siliguri
Simferopol
Simi Valley
Sincelejo
Singapore
Sinuiji
Sioux Falls
South Dakota
Siping
Sirjan
Sirsa
Sitapur
Sittwe
Sivakasi
Sivas
Siverek
Skikda
Skopje
Sliven
Slough
Sloviansk
Slupsk
Smederevo
Smolensk
Soacha
Sobral
Sochi
Sofia
Sogamoso
Soka
Solapur
Soledad
Solihull
Solikamsk
Solingen
Songkhla
Songyuan
Sonipat
Sorocaba
Sorsogon City
Sosnowiec
Souk Ahras
South Bend
Indiana
South Dum Dum
Southampton
Southend on Sea
Soweto
Soyapango
Split
Spokane, Washington
Springfield
Illinois
Massachusetts
Missouri
Springs
Srinagar
Florida
St. Helens
St. Louis
St. Paul
St. Petersburg
St. Catharines
St. John's
Saint  Helens
Saint  Louis
Saint  Paul
Saint  Petersburg
Saint  Catharines
Saint  John's
Stakhanov
Stamford, Connecticut
Stara Zagora
Starsy Oskol
Stavanger
Stavropol
Sterling Heights
Michigan
Sterlitamak
Stockholm
Stockport
Stockton
California
Stoke-on-Trent
Strasbourg
Stuttgart
Subotica
Suceava
Sucre
Suez
Suhaj
Suihua
Suining
Suita
Suizhou
Sukabumi
Sukkur
Sulamaniya
Sullana
Sultanbeyli
Sultan Kudarat
Maguindanao
Sumaré
Sumgait
Sumy
Suncheon
Sunderland
Sundsvall
Sungai Petani
Sunnyvale
Sunshine Coast
Suqian
Surabaya
Surakarta
Surat Thani
Surat
Surgut
Surigao City
Surrey
Suzano
Sutton Coldfield
Suva
Fiji
Suwon
Puwan
Suzhou
Anhui
Jiangsu
Suzuka
Swansea
Swindon
Sydney
Syktyvkar
Syracuse
Syzran
Szczecin
Szeged
Székesfehérvár
Ta’if
Tabaco City
Taboão da Serra
Tabriz
Tacheng
Tachikawa
Tacloban City
Tacna
Tacoma, Washington
Taebaek
Taganrog
Taguig City
Tagum City
Taian
Taichung
Tainan City
Taipei
Taiping
Taiyuan
Taiz
Taizhou
Jiangsu
Zhejiang
Tajimi
Takamatsu
Takaoka
Takarazuka
Takasaki
Takatsuki
Talara
Talavera
Nueva Ecija
Talca
Talcahuano
Talisay City
Cebu
Tallahassee
Florida
Tallinn
Taloqan
Tama
Tamale
Tambov
Tampa
Tampere
Tampico
Tanauan City
Tandil
Tandoadam
Tanga
Tangail
Tangier
Tangshan
Tanjung Pinang
Tanta
Tanza
Cavite
Taonan
Tapachula
Taranto
Tarapoto
Taraz
Târgu-Mures
Tarija
Tarlac City
Tarnów
Tarragona
Tarsus
Tartu
Tashkent
Taubaté
Taunggyi
Tauranga
Taytay
Rizal
Tbilisi
Tebessa
Tegal
Tegucigalpa
Tehran
Tehuacán
Teixeira de Freitas
Tekirdag
Tel Aviv
Telford
Tembisa
Temirtau
Tempe
Temuco
Tenali
Tengzhou
Teófilo Otoni
Tepic
Teresina
Teresópolis
Termez
Terni
Ternopil
Terrassa
Tétouan
Thai Nguyen
Thalassery
Thane
Thanjavur
The Hague
Thessaloniki
Thiès
Thimphu
Thiruvananthapuram
Thousand Oaks
Thrissur
Thunder Bay
Tianjin
Tianmen
Tianshui
Tiaret
Tieli
Tieling
Tijuana
Tilburg
Timisoara
Timon
Tirana
Tiruchchirappalli
Tirunelveli
Tirupati
Tiruppur
Tiruvannamalai
Titagarh
Tlalnepantla
Tlalpan
Tlaquepaque
Tlaxcala
Tlemoen
Tobolsk
Toda
Tokat
Tokorozawa
Tokushima
Tokuyama
Tokyo
Toledo City
Cebu
Ohio
Toledo
Paraná
Toluca
Tolyatti
Tomakomai
Tomsk
Tondabayashi
Tongchuan
Tonghua
Tongi
Tongjiang
Tongliao
Tongling
Tongren
Tonk
Toowoomba
Topeka
Kansas
Toronto
Torrance
Torreón
Torun
Tottori
Touggourt
Toulon
Toulouse
Tours
Townsville
Toyama
Toyohashi
Toyokawa
Toyonaka
Toyota
Trabzon
Trento
Trieste
Tripoli
Trois-Rivières
Trondheim
Trujillo
Tsu
Tsuchiura
Tsukuba
Tsuruoka
Tucson
Tuguegarao City
Tula
Tulsa
Tulua
Tulufan
Tumbes
Tumen
Tumkur
Tunis
Tunja
Turgutlu
Turhal
Turin
Turkmenabat
Turku
Turmero
Tuticorin
Tuxtla Gutiérrez
Tuzla
Tver
Tychy
Tyumen
Ube
Uberaba
Uberlândia
Ubon Ratchathani
Udaipur
Udon Thani
Udupi
Ueda
Ufa
Uji
Ujjain
Ujung Pandang
Ukhta
Ulaan Chab
Ulaanbaatar
Ulan-Ude
Ulhasnagar
Ulm
Ulsan
Ulyanovsk
Umeå
Umlazi
Unnao
Uppsala
Urasoe
Urawa
Urayasu
Urdaneta City
Urgentch
Uruapan
Uruguaiana
Usak
Usolye-Sibirskoye
Ussuriysk
Ust-Ilimsk
Ust-Kamenogorsk
Utrecht
Utsunomiya
Uzhhorod
Vadakara
Vadodara
Vaduz
Valdivia
Valencia City, Bukidnon
Valencia
Valenciennes
Valera
Valladolid
Valle de Chalco
Valledupar
Vallejo, California
Valparai
Valparaíso
Valsad
Van
Vanadzor
Vancouver
Vantaa
Varamin
Varanasi
Varginha
Varna
Varzea Grande
Västerås
Vaughan
Velikiye Luki
Veliky Novgorod
Vellore
Venice
Veracruz
Vereeniging
Verona
Viamão
Vicente López
Buenos Aires
Vicenza
Las Tunas
Victoria
Vienna
Vientiane
Vigo
Vijayawada
Vila Nova de Gaia
Vila Velha
Villa Nicolás Romero
Villahermosa
Villavicencio
Villeurbanne
Vilnius
Viña del Mar
Vinh
Vinnytsia
Viransehir
Visakhapatnam
Vitebsk
Vitória da Conquista
Vitória de Santo Antão
Vitória
Vitoria-Gasteiz
Vitoria
Gasteiz
Vizianagarm
Vladikavkaz
Vladimir
Vladivostok
Volgodonsk
Volgograd
Vologda
Volos
Volta Redonda
Volzhsky
Voronezh
Votkinsk
Vungtau
Waco
Wad Madani
Wadhwan
Wafangdian
Wah Cantonment
Wakayama
Walbrzych
Walsall
Wanxian
Warangal
Wardha
Warren
Warrington
Warsaw
Washington D.C.
Washington
D.C.
Waterbury
Connecticut
Watford
Weifang
Weihai
Weihui
Weinan
Wellington
Wendeng
Wenzhou
West Bromwich
West Covina
West Valley City
Utah
Westminster
Colorado
Whitby
Wichita Falls
Texas
Kansas
Wiesbaden
Willemstad
Windhoek
Windsor
Winnipeg
Winston-Salem
Winterthur
Witten
Wloclawek
Wolfsburg
Greater Wollongong
Wolverhampton
Wonju
Wonsan
Worcester
Wroclaw
Wu'an
Wuhai
Wuhan
Wuhu
Wulanhaote
Wulumuqi
Wuppertal
Wuwei
Wuxi
Wuxue
Wuyishan
Wuzhong
Wuzhou
Würzburg
Xalapa
Xiamen
Xian
Xiangfan
Xiangtan
Xianning
Xiantao
Xianyang
Xiaogan
Xiaoshan
Xichang
Xilinhaote
Xingcheng
Xinghua
Xingtai
Xingyi
Xining
Xinji
Xintai
Xinxiang
Xinyang
Xinyi
Xinyu
Xinzhou
Xochimilco
Xuancheng
Xuchang
Yachiyo
Yaizu
Yakeshi
Yakutsk
Yamagata
Yamaguchi
Yamato
Kanagawa
Yamoussoukro
Yamunanagar
Yan'an
Yancheng
Yangjiang
Yangon (Rangoon)
Yangquan
Yangzhou
Yanji
Yantai
Yao
Yaoundé
Yaroslavl
Yatsushiro
Yavatmal
Yazd
Yekaterinburg
Yelets
Yenakiieve
Yerevan
Yibin
Yichang
Yichun
Heilongjiang
Yichun
Jiangxi
Yidu
Yima
Yinchuan
Yingcheng
Yingkou
Yingtan
Yining
Yiwu
Yixing
Yiyang
Yizheng
Yogyakarta
Yokkaichi
Yokohama
Yokosuka
Yonago
Yongan
Yongzhou
Yonkers, New York
York
Yoshkar-Ola
Yosu
Yuanjiang
Yueyang
Yulin, Guangxi
Yulin, Shaanxi
Yuma
Arizona
Yumen
Yuncheng
Shanxi
Yuxi
Yuyao
Yuzhno-Sakhalinsk
Yuzhou
Zaanstad
Zabol
Zabrze
Zacatecas
Zagazig
Zagreb
Zahedan
Zama
Zamboanga City
Zamora de Hidalgo
Zanjan
Zanzibar City
Zaoyang
Zaozhuang
Zapopan
Zaporizhia
Zaragoza
Zárate
Zaria
Zarqa
Zelenodolsk
Zelenograd
Zenica
Zhalantun
Zhangjiagang
Zhangjiajie
Zhangjiakou
Zhangshu
Zhangye
Zhangzhou
Zhanjiang
Zhaodong
Zhaoqing
Zhaotong
Zheleznodorozhny
Zhengzhou
Zhenjiang
Zhongshan
Zhoukou
Zhoushan
Zhucheng
Zhuhai
Zhuji
Zhukovsky
Zhumadian
Zhuozhou
Zhuzhou
Zhytomyr
Zibo
Zielona Góra
Zigong
Ziguinchor
Zinder
Zixing
Zlatoust
Zoetermeer
Zrenjanin
Zunyi
Zuwara
Zürich
Zwickau
Zwolle
